Company,Slug,Data Center,Sector,Full URL
AdventHealth,adventhealth,wd12,Hospitals & Health Systems,https://adventhealth.wd12.myworkdayjobs.com/AH_External_Career_Site
Advocate Health / Atrium Health,aah,wd5,Hospitals & Health Systems,https://aah.wd5.myworkdayjobs.com/External
Allina Health,allina,wd5,Hospitals & Health Systems,https://allina.wd5.myworkdayjobs.com/External
Arkansas Children's,archildrens,wd1,Hospitals & Health Systems,https://archildrens.wd1.myworkdayjobs.com/External_Career_Site
Banner Health,bannerhealth,wd108,Hospitals & Health Systems,https://bannerhealth.wd108.myworkdayjobs.com/Careers
Baptist Health (Alabama),baptistfirst,wd12,Hospitals & Health Systems,https://baptistfirst.wd12.myworkdayjobs.com/baptistfirst
Baptist Health (Kentucky),bhs,wd1,Hospitals & Health Systems,https://bhs.wd1.myworkdayjobs.com/careers
Benefis Health System,benefis,wd1,Hospitals & Health Systems,https://benefis.wd1.myworkdayjobs.com/BHS
Bon Secours Mercy Health,easyservice,wd5,Hospitals & Health Systems,https://easyservice.wd5.myworkdayjobs.com/MercyHealthCareers
Bronson Healthcare,bronsonhg,wd1,Hospitals & Health Systems,https://bronsonhg.wd1.myworkdayjobs.com/newhires
Carbon Health,carbonhealth,wd1,Hospitals & Health Systems,https://carbonhealth.wd1.myworkdayjobs.com/Careers
Carilion Clinic,carilionclinic,wd12,Hospitals & Health Systems,https://carilionclinic.wd12.myworkdayjobs.com/External_Careers
Central Maine Healthcare,cmh,wd1,Hospitals & Health Systems,https://cmh.wd1.myworkdayjobs.com/CMH
Chapters Health System,chaptershealth,wd5,Hospitals & Health Systems,https://chaptershealth.wd5.myworkdayjobs.com/jobs
Children's Hospital of Orange County (CHOC),choc,wd5,Hospitals & Health Systems,https://choc.wd5.myworkdayjobs.com/Careers
Children's Wisconsin,cwi,wd1,Hospitals & Health Systems,https://cwi.wd1.myworkdayjobs.com/CW_Careers
Cincinnati Children's,cincinnatichildrens,wd5,Hospitals & Health Systems,https://cincinnatichildrens.wd5.myworkdayjobs.com/careersatcincinnatichildrens
Cleveland Clinic,ccf,wd1,Hospitals & Health Systems,https://ccf.wd1.myworkdayjobs.com/ClevelandClinicCareers
Cook Children's,cookchildrens,wd1,Hospitals & Health Systems,https://cookchildrens.wd1.myworkdayjobs.com/Careers
Corewell Health (fka Spectrum Health),spectrumhealth,wd5,Hospitals & Health Systems,https://spectrumhealth.wd5.myworkdayjobs.com/CorewellHealthCareers
CoxHealth,coxhealth,wd5,Hospitals & Health Systems,https://coxhealth.wd5.myworkdayjobs.com/CoxHealth_External
DaVita,davita,wd1,Hospitals & Health Systems,https://davita.wd1.myworkdayjobs.com/DKC_External
Denver Health,denverhealth,wd1,Hospitals & Health Systems,https://denverhealth.wd1.myworkdayjobs.com/DHHA-Main
Endeavor Health (fka NorthShore),nshs,wd1,Hospitals & Health Systems,https://nshs.wd1.myworkdayjobs.com/ns-eeh
Fresenius (global),freseniusglobal,wd3,Hospitals & Health Systems,https://freseniusglobal.wd3.myworkdayjobs.com/Indeed
GBMC HealthCare,gbmc,wd1,Hospitals & Health Systems,https://gbmc.wd1.myworkdayjobs.com/GBMC
Geisinger,geisinger,wd5,Hospitals & Health Systems,https://geisinger.wd5.myworkdayjobs.com/GeisingerExternal
GoHealth Urgent Care,gohealthuc,wd12,Hospitals & Health Systems,https://gohealthuc.wd12.myworkdayjobs.com/External
Halifax Health,halifaxhealth,wd12,Hospitals & Health Systems,https://halifaxhealth.wd12.myworkdayjobs.com/HalifaxHealth
Hospital Sisters Health System (HSHS),hshs,wd1,Hospitals & Health Systems,https://hshs.wd1.myworkdayjobs.com/hshscareers
Houston Healthcare,hhc,wd5,Hospitals & Health Systems,https://hhc.wd5.myworkdayjobs.com/HHC
Huntington Health,huntingtonhospital,wd5,Hospitals & Health Systems,https://huntingtonhospital.wd5.myworkdayjobs.com/HuntingtonHospitalCareers
Intermountain Health,imh,wd108,Hospitals & Health Systems,https://imh.wd108.myworkdayjobs.com/IntermountainCareers
Jefferson Health,jeffersonhealth,wd5,Hospitals & Health Systems,https://jeffersonhealth.wd5.myworkdayjobs.com/ThomasJeffersonExternal
Lurie Children's Hospital,luriechildrens,wd1,Hospitals & Health Systems,https://luriechildrens.wd1.myworkdayjobs.com/externalportal
MarinHealth Medical Center,mymarinhealth,wd5,Hospitals & Health Systems,https://mymarinhealth.wd5.myworkdayjobs.com/MHCareers
Mass General Brigham,massgeneralbrigham,wd1,Hospitals & Health Systems,https://massgeneralbrigham.wd1.myworkdayjobs.com/MGBExternal
Memorial Healthcare System (FL),memorialhealthcare,wd1,Hospitals & Health Systems,https://memorialhealthcare.wd1.myworkdayjobs.com/MHS_Careers
Memorial Hermann,memorialhermann,wd5,Hospitals & Health Systems,https://memorialhermann.wd5.myworkdayjobs.com/external
Mercy Cedar Rapids,mercycare,wd5,Hospitals & Health Systems,https://mercycare.wd5.myworkdayjobs.com/Mercy_Cedar_Rapids_Careers
Methodist Health System,methodisthealthsystem,wd1,Hospitals & Health Systems,https://methodisthealthsystem.wd1.myworkdayjobs.com/MHS_Careers
Mosaic Health / Vera Whole Health,verawholehealth,wd1,Hospitals & Health Systems,https://verawholehealth.wd1.myworkdayjobs.com/External
MultiCare Health,multicare,wd1,Hospitals & Health Systems,https://multicare.wd1.myworkdayjobs.com/multicare
Nationwide Children's Hospital,nationwidechildrens,wd5,Hospitals & Health Systems,https://nationwidechildrens.wd5.myworkdayjobs.com/NCHCareers
Ochsner Health,ochsner,wd1,Hospitals & Health Systems,https://ochsner.wd1.myworkdayjobs.com/Ochsner
OU Health,oumedicine,wd5,Hospitals & Health Systems,https://oumedicine.wd5.myworkdayjobs.com/OUHealthCareers
Owensboro Health,owensborohealth,wd1,Hospitals & Health Systems,https://owensborohealth.wd1.myworkdayjobs.com/owensborohealth
Phoebe Putney Health System,phoebehealth,wd5,Hospitals & Health Systems,https://phoebehealth.wd5.myworkdayjobs.com/phoebehealth
Pullman Regional Hospital,pullmanregionalhospital,wd1,Hospitals & Health Systems,https://pullmanregionalhospital.wd1.myworkdayjobs.com/Careers
Residential Home Health / GHC,ghc,wd1,Hospitals & Health Systems,https://ghc.wd1.myworkdayjobs.com/Residential_Careers
Riverside Health System,rivhs,wd1,Hospitals & Health Systems,https://rivhs.wd1.myworkdayjobs.com/Non-ProviderRHS
Rochester Regional Health,rrhs,wd5,Hospitals & Health Systems,https://rrhs.wd5.myworkdayjobs.com/RRH
Salinas Valley Health,salinasvalleyhealth,wd5,Hospitals & Health Systems,https://salinasvalleyhealth.wd5.myworkdayjobs.com/SalinasValleyHealth
Sanford Health,sanford,wd5,Hospitals & Health Systems,https://sanford.wd5.myworkdayjobs.com/SanfordHealth
Sentara Healthcare,sentara,wd1,Hospitals & Health Systems,https://sentara.wd1.myworkdayjobs.com/SCS
South Shore Health,southshorehealth,wd5,Hospitals & Health Systems,https://southshorehealth.wd5.myworkdayjobs.com/SSH_Careers
Southlake Health (Canada),southlake,wd10,Hospitals & Health Systems,https://southlake.wd10.myworkdayjobs.com/Southlake
SSM Health,ssmh,wd5,Hospitals & Health Systems,https://ssmh.wd5.myworkdayjobs.com/ssmhealth
St. Jude Children's Research Hospital,stjude,wd1,Hospitals & Health Systems,https://stjude.wd1.myworkdayjobs.com/stjude
Stanford Health Care,stanfordhealthcare,wd5,Hospitals & Health Systems,https://stanfordhealthcare.wd5.myworkdayjobs.com/SHC_External_Career_Site
Sutter Health,sutterhealth,wd1,Hospitals & Health Systems,https://sutterhealth.wd1.myworkdayjobs.com/sh
Trinity Health,trinityhealth,wd1,Hospitals & Health Systems,https://trinityhealth.wd1.myworkdayjobs.com/Jobs
UMC Health System (Lubbock),umchealthsystem,wd1,Hospitals & Health Systems,https://umchealthsystem.wd1.myworkdayjobs.com/External
UMass Memorial Health,umassmemorial,wd1,Hospitals & Health Systems,https://umassmemorial.wd1.myworkdayjobs.com/Careers
UVM Health Network,uvmhealth,wd1,Hospitals & Health Systems,https://uvmhealth.wd1.myworkdayjobs.com/CVPH
Vanderbilt University Medical Center,vumc,wd1,Hospitals & Health Systems,https://vumc.wd1.myworkdayjobs.com/vumccareers
VCA Animal Hospitals (veterinary),vca,wd1,Hospitals & Health Systems,https://vca.wd1.myworkdayjobs.com/Careers
WVU Medicine,wvumedicine,wd1,Hospitals & Health Systems,https://wvumedicine.wd1.myworkdayjobs.com/WVUH
Pfizer,pfizer,wd1,Pharma & Biotech,https://pfizer.wd1.myworkdayjobs.com/PfizerCareers
Johnson & Johnson,jj,wd5,Pharma & Biotech,https://jj.wd5.myworkdayjobs.com/JJ
Merck (MSD),msd,wd5,Pharma & Biotech,https://msd.wd5.myworkdayjobs.com/SearchJobs
Eli Lilly,lilly,wd5,Pharma & Biotech,https://lilly.wd5.myworkdayjobs.com/LLY
Bristol-Myers Squibb,bristolmyerssquibb,wd5,Pharma & Biotech,https://bristolmyerssquibb.wd5.myworkdayjobs.com/BMS
Amgen,amgen,wd1,Pharma & Biotech,https://amgen.wd1.myworkdayjobs.com/Careers
Gilead Sciences,gilead,wd1,Pharma & Biotech,https://gilead.wd1.myworkdayjobs.com/gileadcareers
Regeneron,regeneron,wd1,Pharma & Biotech,https://regeneron.wd1.myworkdayjobs.com/Careers
Novartis,novartis,wd3,Pharma & Biotech,https://novartis.wd3.myworkdayjobs.com/Novartis_Careers
Roche (incl. Genentech),roche,wd3,Pharma & Biotech,https://roche.wd3.myworkdayjobs.com/ROG-A2O-GENE
AstraZeneca (incl. Alexion),astrazeneca,wd3,Pharma & Biotech,https://astrazeneca.wd3.myworkdayjobs.com/Careers
Sanofi,sanofi,wd3,Pharma & Biotech,https://sanofi.wd3.myworkdayjobs.com/SanofiCareers
GSK,gsk,wd5,Pharma & Biotech,https://gsk.wd5.myworkdayjobs.com/GSKCareers
Takeda,takeda,wd3,Pharma & Biotech,https://takeda.wd3.myworkdayjobs.com/External
Biogen,biibhr,wd3,Pharma & Biotech,https://biibhr.wd3.myworkdayjobs.com/external
Vertex Pharmaceuticals,vrtx,wd5,Pharma & Biotech,https://vrtx.wd5.myworkdayjobs.com/Vertex_Careers
Moderna,modernatx,wd1,Pharma & Biotech,https://modernatx.wd1.myworkdayjobs.com/M_tx
Jazz Pharmaceuticals,vhr-jazz,wd1,Pharma & Biotech,https://vhr-jazz.wd1.myworkdayjobs.com/JazzPharmaceuticals
Horizon Therapeutics,horizon,wd1,Pharma & Biotech,https://horizon.wd1.myworkdayjobs.com/Horizon
Organon,organon,wd5,Pharma & Biotech,https://organon.wd5.myworkdayjobs.com/SearchJobs
Viatris,viatris,wd5,Pharma & Biotech,https://viatris.wd5.myworkdayjobs.com/External
Illumina,illumina,wd1,Pharma & Biotech,https://illumina.wd1.myworkdayjobs.com/illumina-careers
Sarepta Therapeutics,sarepta,wd5,Pharma & Biotech,https://sarepta.wd5.myworkdayjobs.com/sarepta_external
Neurocrine Biosciences,neurocrine,wd5,Pharma & Biotech,https://neurocrine.wd5.myworkdayjobs.com/Neurocrinecareers
Halozyme,halozyme,wd1,Pharma & Biotech,https://halozyme.wd1.myworkdayjobs.com/halozymecareers
Exact Sciences,exactsciences,wd1,Pharma & Biotech,https://exactsciences.wd1.myworkdayjobs.com/Exact_Sciences
Catalent,catalent,wd1,Pharma & Biotech,https://catalent.wd1.myworkdayjobs.com/External
Zealand Pharma,zealandpharma,wd3,Pharma & Biotech,https://zealandpharma.wd3.myworkdayjobs.com/External
PCI Pharma Services,pciservices,wd1,Pharma & Biotech,https://pciservices.wd1.myworkdayjobs.com/External
ProPharma Group,propharmagroup,wd1,Pharma & Biotech,https://propharmagroup.wd1.myworkdayjobs.com/ppgcareers
Prime Therapeutics,primetherapeutics,wd1,Pharma & Biotech,https://primetherapeutics.wd1.myworkdayjobs.com/PrimeTherapeuticsCareers
Medtronic,medtronic,wd1,Medical Devices,https://medtronic.wd1.myworkdayjobs.com/MedtronicCareers
Abbott,abbott,wd5,Medical Devices,https://abbott.wd5.myworkdayjobs.com/abbottcareers
Edwards Lifesciences,edwards,wd5,Medical Devices,https://edwards.wd5.myworkdayjobs.com/EdwardsCareers
Stryker,stryker,wd1,Medical Devices,https://stryker.wd1.myworkdayjobs.com/StrykerCareers
Becton Dickinson (BD),bdx,wd1,Medical Devices,https://bdx.wd1.myworkdayjobs.com/EXTERNAL_CAREER_SITE_USA
Baxter International,baxter,wd1,Medical Devices,https://baxter.wd1.myworkdayjobs.com/baxter
ResMed,resmed,wd3,Medical Devices,https://resmed.wd3.myworkdayjobs.com/ResMed_External_Careers
Integra LifeSciences,integralife,wd1,Medical Devices,https://integralife.wd1.myworkdayjobs.com/Careers
Globus Medical (incl. NuVasive),globusmedical,wd5,Medical Devices,https://globusmedical.wd5.myworkdayjobs.com/GMED_Careers
Insulet,insulet,wd5,Medical Devices,https://insulet.wd5.myworkdayjobs.com/insuletcareers
Tandem Diabetes Care,tandemdiabetes,wd12,Medical Devices,https://tandemdiabetes.wd12.myworkdayjobs.com/tandemdiabetes
DexCom,dexcom,wd1,Medical Devices,https://dexcom.wd1.myworkdayjobs.com/Dexcom
Haemonetics,haemonetics,wd5,Medical Devices,https://haemonetics.wd5.myworkdayjobs.com/HAE
Merit Medical,merit,wd1,Medical Devices,https://merit.wd1.myworkdayjobs.com/Merit
Envista,envista,wd1,Medical Devices,https://envista.wd1.myworkdayjobs.com/envistacareers
Henry Schein,henryschein,wd1,Medical Devices,https://henryschein.wd1.myworkdayjobs.com/External_Careers
Solventum (fka 3M Health Care),healthcare,wd1,Medical Devices,https://healthcare.wd1.myworkdayjobs.com/Search
GE HealthCare,gehc,wd5,Medical Devices,https://gehc.wd5.myworkdayjobs.com/GEHC_ExternalSite
Siemens Healthineers,onehealthineers,wd3,Medical Devices,https://onehealthineers.wd3.myworkdayjobs.com/SHSJB
Philips,philips,wd3,Medical Devices,https://philips.wd3.myworkdayjobs.com/jobs-and-careers
Smith & Nephew,smithnephew,wd5,Medical Devices,https://smithnephew.wd5.myworkdayjobs.com/External
Agilent Technologies,agilent,wd5,Medical Devices,https://agilent.wd5.myworkdayjobs.com/Agilent_Careers
Elevance Health (Anthem),elevancehealth,wd1,Health Insurance,https://elevancehealth.wd1.myworkdayjobs.com/ANT
Cigna / The Cigna Group,cigna,wd5,Health Insurance,https://cigna.wd5.myworkdayjobs.com/cignacareers
Humana,humana,wd5,Health Insurance,https://humana.wd5.myworkdayjobs.com/Humana_External_Career_Site
Centene,centene,wd5,Health Insurance,https://centene.wd5.myworkdayjobs.com/Centene_External
CVS Health / Aetna,cvshealth,wd1,Health Insurance,https://cvshealth.wd1.myworkdayjobs.com/CVS_Health_Careers
CareSource,caresource,wd1,Health Insurance,https://caresource.wd1.myworkdayjobs.com/CareSource
Highmark Health,highmarkhealth,wd1,Health Insurance,https://highmarkhealth.wd1.myworkdayjobs.com/highmark
Premera Blue Cross,premera,wd5,Health Insurance,https://premera.wd5.myworkdayjobs.com/Premera
VSP Vision,vsp,wd1,Health Insurance,https://vsp.wd1.myworkdayjobs.com/VSPVisionCareers
Unum Group,unum,wd1,Health Insurance,https://unum.wd1.myworkdayjobs.com/External
athenahealth,athenahealth,wd1,Healthcare IT & Services,https://athenahealth.wd1.myworkdayjobs.com/External
Evolent Health,evolent,wd1,Healthcare IT & Services,https://evolent.wd1.myworkdayjobs.com/External
Health Catalyst,healthcatalyst,wd5,Healthcare IT & Services,https://healthcatalyst.wd5.myworkdayjobs.com/healthcatalystcareers
Phreesia,phreesia,wd1,Healthcare IT & Services,https://phreesia.wd1.myworkdayjobs.com/Phreesia
Netsmart,ntst,wd1,Healthcare IT & Services,https://ntst.wd1.myworkdayjobs.com/Careers
Tempus AI,tempus,wd5,Healthcare IT & Services,https://tempus.wd5.myworkdayjobs.com/Tempus_Careers
GoodRx,goodrx,wd1,Healthcare IT & Services,https://goodrx.wd1.myworkdayjobs.com/Careers
Teladoc Health,teladoc,wd503,Healthcare IT & Services,https://teladoc.wd503.myworkdayjobs.com/teladochealth_is_hiring
CompuGroup Medical,cgm,wd3,Healthcare IT & Services,https://cgm.wd3.myworkdayjobs.com/cgm
IQVIA,iqvia,wd1,Healthcare IT & Services,https://iqvia.wd1.myworkdayjobs.com/IQVIA
McKesson,mckesson,wd3,Healthcare IT & Services,https://mckesson.wd3.myworkdayjobs.com/External_Careers
Cencora (AmerisourceBergen),myhrabc,wd5,Healthcare IT & Services,https://myhrabc.wd5.myworkdayjobs.com/Global
Cardinal Health,cardinalhealth,wd1,Healthcare IT & Services,https://cardinalhealth.wd1.myworkdayjobs.com/EXT
Vizient,vizient,wd1,Healthcare IT & Services,https://vizient.wd1.myworkdayjobs.com/Vizient_Careers
ICON PLC,icon,wd3,Healthcare IT & Services,https://icon.wd3.myworkdayjobs.com/broadbean_external
Lonza,lonza,wd3,Healthcare IT & Services,https://lonza.wd3.myworkdayjobs.com/Lonza_Careers
Thermo Fisher Scientific,thermofisher,wd5,Healthcare IT & Services,https://thermofisher.wd5.myworkdayjobs.com/ThermoFisherCareers
LabCorp,labcorp,wd1,Healthcare IT & Services,https://labcorp.wd1.myworkdayjobs.com/External
Owens & Minor,owensminor,wd1,Healthcare IT & Services,https://owensminor.wd1.myworkdayjobs.com/OMCareers
Parexel,parexel,wd1,Healthcare IT & Services,https://wd1.myworkdaysite.com/en-US/recruiting/parexel/Parexel_External_Careers
CHG Healthcare,chghealthcare,wd1,Healthcare IT & Services,https://chghealthcare.wd1.myworkdayjobs.com/External
CorroHealth,corrohealth,wd1,Healthcare IT & Services,https://corrohealth.wd1.myworkdayjobs.com/en-US/Corro
Performant Healthcare,performant,wd1,Healthcare IT & Services,https://performant.wd1.myworkdayjobs.com/en-US/Performant
PATH (global health nonprofit),path,wd1,Healthcare IT & Services,https://path.wd1.myworkdayjobs.com/External
Accenture (healthcare practice),accenture,wd103,Healthcare IT & Services,https://accenture.wd103.myworkdayjobs.com/AccentureCareers
Cognizant (healthcare practice),collaborative,wd1,Healthcare IT & Services,https://collaborative.wd1.myworkdayjobs.com/AllOpenings
